2023-10-02 09:35:41.827662,127.0.0.1,51444,"f""+*~$""2uu$ovx~*{mjknzhf/",Mission details received.
2023-10-02 10:35:08.206322,127.0.0.1,37308,"f""+*~$""2uu$ovx~*{mjknzhf/",Mission details received.
2023-10-02 10:40:30.266396,127.0.0.1,46870,"f""+*~$""2uu$ovx~*{mjknzhf/",Mission details received.
2023-10-02 10:40:44.502699,127.0.0.1,46870,,
2023-10-02 10:42:34.181570,127.0.0.1,33876,"f""+*~$""2uu$ovx~*{mjknzhf/",Mission details received.
2023-10-02 10:42:36.615840,127.0.0.1,33876,,
2023-10-02 10:42:59.960544,127.0.0.1,33876,,
2023-10-02 10:46:19.055013,127.0.0.1,40830,"_z$#w|z+mxuwrjxhf""",Mission completed!
2023-10-02 10:51:35.101047,127.0.0.1,33224,"_z$#w|z+mxuwrjxhf""",Mission completed!
2023-10-02 10:55:46.623945,127.0.0.1,47646,"f""+*~$""2uu$ovx~*{mjknzhf/",Mission details received.
2023-10-02 10:56:12.461841,127.0.0.1,52284,"_z$#w|z+mxuwrjxhf""",Mission completed!
2023-10-02 10:59:31.490377,127.0.0.1,35946,"f""+*~$""2uu$ovx~*{mjknzhf/",Mission details received.
2023-10-02 10:59:43.259328,127.0.0.1,57738,"_z$#w|z+mxuwrjxhf""",Mission completed!
